,Capa do livro,Título,Páginas,Horas,Gênero,Faixa etária,Formato,Editora,Idioma,Série ou único?,Por que li?,Origem do livro?,Como conheci?,Nome,País,Cor,Se identifica como...,Primeira vez lendo autore,Protagonista LGBTQ+,Diversidade etnica/racial,#OwnVoices?,NOTA,LIDO
,https://m.media-amazon.com/images/I/51y5SPHdyaL._SY445_SX342_ML2_.jpg,Hereges de Duna,568,0:00:00,Ficção Científica,Adulto,Capa dura,Aleph,Português,Série,Diversão,Estava na estante,Booktube,Frank Herbert,EUA,Branco,Masculino,FALSE,FALSE,TRUE,FALSE,4,LIDO
,https://m.media-amazon.com/images/I/5183t4as2JL._SY445_SX342_ML2_.jpg,Palavras de Radiância,1328,0:00:00,Fantasia Épica,Adulto,Brochura,Trama,Português,Série,Diversão,Estava na estante,Booktube,Brandon Sanderson,EUA,Branco,Masculino,FALSE,FALSE,TRUE,FALSE,5,LIDO
,https://m.media-amazon.com/images/I/51y+Ul4umeL._SY385_.jpg,Diário dos Gatos: Yon & Mu,116,0:00:00,Mangá,Adulto,Brochura,JBC,Português,Livro único,Desafio LPM,Comprei esse ano,Booktube,Junji Ito,Japão,Asiático,Masculino,TRUE,FALSE,FALSE,FALSE,5,LIDO
,,"Impostora",352,0:00:00,Ficção,Adulto,Brochura,Intrínseca,Português,Livro único,Diversão,Estava na estante,Booktube,R.F. Kuang,China,Asiático,Feminino,TRUE,FALSE,TRUE,TRUE,,NÃO LIDO
,https://m.media-amazon.com/images/I/81cp3Fo+HWL._SY425_.jpg,Sou uma tola por te querer ,,02:45:00,Conto,Adulto,Audiolivro,Tusquets,Português,Livro único,Desafio LPM,Assinatura digital,Outro,Camila Sosa Villada,Argentina,Branco,F. Trans,TRUE,TRUE,TRUE,TRUE,"3,5",LIDO
,,Cem anos de solidão,448,0:00:00,Fantasia,Adulto,Brochura,Record,Português,Livro único,Desafio LPM,Estava na estante,Booktube,Gabriel García Márquez,Colômbia,Branco,Masculino,TRUE,FALSE,FALSE,FALSE,,NÃO LIDO
,https://m.media-amazon.com/images/I/511sWf6XzBL._SY445_SX342_ML2_.jpg,Warbreaker - O sopro dos deuses,708,0:00:00,Fantasia Épica,Adulto,Brochura,Trama,Português,Série,Diversão,Estava na estante,Booktube,Brandon Sanderson,EUA,Branco,Masculino,FALSE,FALSE,TRUE,FALSE,5,LIDO
,https://m.media-amazon.com/images/I/61zLkd00iuL._SY425_.jpg,2001: Uma Odisseia no Espaço,,4:30:00,Ficção Científica,Adulto,Audiolivro,Storytel,Português,Livro único,Diversão,Assinatura digital,Booktube,Arthur Clarke,Reino Unido,Branco,Masculino,FALSE,FALSE,FALSE,FALSE,4,LIDO
,https://m.media-amazon.com/images/I/41vL4jgpO7L._SY445_SX342_ML2_.jpg,O livro dos abraços,,4:03:00,Ficção,Adulto,Audiolivro,L&PM Pocket,Português,Livro único,Desafio LPM,Assinatura digital,Outro,Eduardo Galeano,Uruguai,Branco,Masculino,TRUE,FALSE,FALSE,FALSE,"2,5",LIDO
,https://m.media-amazon.com/images/I/61EKKftXl1L._SY342_.jpg,Razão e Sensibilidade ,,6:07:00,Clássico,Adulto,Audiolivro,,Português,Livro único,Diversão,Assinatura digital,Já conhecia autore,Jane Austen,Reino Unido,Branco,Feminino,FALSE,FALSE,FALSE,FALSE,"3,5",LIDO
,https://m.media-amazon.com/images/I/41+WFnfYX9L._SY445_SX342_ML2_.jpg,O alforje,,4:20:00,Ficção,Adulto,Audiolivro,TAG ,Português,Livro único,Diversão,Assinatura digital,Outro, Bahiyyih Nakhjavani,Irã,Branco,Feminino,TRUE,FALSE,TRUE,FALSE,4,LIDO
,https://m.media-amazon.com/images/I/81TmOZIXvzL._SY466_.jpg,O Pequeno Príncipe,,0:58:00,Clássico,Infantil,Audiolivro,Agir,Português,Livro único,Diversão,Assinatura digital,Booktube,Antoine de Saint-Exupéry,França,Branco,Masculino,TRUE,FALSE,FALSE,FALSE,,LIDO
,https://m.media-amazon.com/images/I/51o5mcX5+UL._SY445_SX342_ML2_.jpg,Uma Chama Entre as Cinzas ,434,,Fantasia,Jovem adulto (YA),Brochura,Verus,Português,Série,Diversão,Estava na estante,Booktube,Sabaa Tahir,Reino Unido,Negro,Feminino,TRUE,FALSE,TRUE,FALSE,4,LIDO
,https://m.media-amazon.com/images/I/81mN24O4loL._SY425_.jpg,Uma tocha na escuridão,434,,Fantasia,Jovem adulto (YA),Brochura,Verus,Português,Série,Diversão,Estava na estante,Booktube,Sabaa Tahir,Reino Unido,Negro,Feminino,FALSE,FALSE,TRUE,FALSE,"3,5",LIDO
,https://m.media-amazon.com/images/I/81XsdXknm2L._SY425_.jpg,Um assassino nos portões,434,,Fantasia,Jovem adulto (YA),Brochura,Verus,Português,Série,Diversão,Estava na estante,Booktube,Sabaa Tahir,Reino Unido,Negro,Feminino,FALSE,FALSE,TRUE,FALSE,"4,5",LIDO
,https://m.media-amazon.com/images/I/41r5UoYgCPS._SY445_SX342_ML2_.jpg,Um céu além da tempestade ,490,,Fantasia,Jovem adulto (YA),Brochura,Verus,Português,Série,Diversão,Estava na estante,Booktube,Sabaa Tahir,Reino Unido,Negro,Feminino,FALSE,FALSE,TRUE,FALSE,,LENDO
,https://m.media-amazon.com/images/I/51VP8XyWQrL._SY445_SX342_ML2_.jpg,A Morte de Ivan Ilitch ,96,0:00:00,Clássico,Adulto,Brochura,Principis,Português,Livro único,Desafio LPM,Estava na estante,Booktube,Liev Tolstói,Rússia,Branco,Masculino,TRUE,FALSE,FALSE,FALSE,"2,5",LIDO
,https://m.media-amazon.com/images/I/51e31zd+pxL._SX342_SY445_ML2_.jpg,Disney English Comics - Ed. 20,96,0:00:00,Quadrinhos,Infanto-juvenil,Paperback,Culturama,Inglês,Livro único,Estudo,Estava na estante,Outro,Diversos,Diversos,Outro,Outro,TRUE,FALSE,FALSE,FALSE,"4,5",LIDO
,https://m.media-amazon.com/images/I/61COaZZFwDL._SY425_.jpg,O vício dos livros ,,00:53:00,Romance,Adulto,Audiolivro,Dublinense,Português,Livro único,Diversão,Assinatura digital,Outro,Afonso Cruz,Portugal,Branco,Masculino,FALSE,FALSE,FALSE,FALSE,4,LIDO
,https://m.media-amazon.com/images/I/71ttxj7KaEL._SY466_.jpg,A casa na Rua Mango,,01:27:00,Romance,Adulto,Audiolivro,Dublinense,Português,Livro único,Diversão,Assinatura digital,Outro,Sandra Cisneros,EUA,Branco,Feminino,TRUE,FALSE,FALSE,FALSE,"3,5",LIDO
,https://m.media-amazon.com/images/I/61BHwMFD9iL._SY445_SX342_ML2_.jpg,"O monge endinheirado, a mulher do bandido e outras histórias de um rio indiano",208,0:00:00,Conto,Adulto,Paperback,Companhia de Bolso,Português,Livro único,Desafio LPM,Estava na estante,Outro,Gita Mehta,índia,Asiático,Feminino,TRUE,FALSE,TRUE,FALSE,"4,5",LIDO
,,Locklands:Os abismos esquecidos,704,0:00:00,Ficção Científica,Adulto,Capa dura,Morro Branco,Português,Trilogia,Diversão,Estava na estante,Booktube,Robert Jackson Bennett,EUA,Branco,Masculino,FALSE,TRUE,FALSE,FALSE,,NÃO LIDO
,https://m.media-amazon.com/images/I/51UnrBFQf5L._SY445_SX342_ML2_.jpg,Rainhas da Noite - As travestis que tinham São Paulo a seus pés,,4:34:00,Não Ficção,Adulto,Audiolivro,Storyside,Português,Livro único,Desafio LPB,Assinatura digital,Outro,Chico Felitti,Brasil,Branco,Feminino,TRUE,TRUE,TRUE,FALSE,"4,5",LIDO
,https://static.skeelo.com/remote/320/480/100/https://skoob.s3.amazonaws.com/livros/12196723/GALATEIA_173596773812196723SK-V11735967738B.jpg,Galateia - Um conto,,0:54:00,Conto,Adulto,Audiolivro,Planeta Minotauro,Português,Livro único,Diversão,Assinatura digital,Outro,Madeline Miller,EUA,Branco,Feminino,TRUE,FALSE,FALSE,FALSE,"2,5",LIDO
,https://m.media-amazon.com/images/I/515qsaIm8uL._SY445_SX342_ML2_.jpg,Eu que nunca conheci os homens,192,0:00:00,Ficção,Adulto,Brochura,Dublinense,Português,Livro único,Desafio LPM,Ganhei de presente,Booktube,Jacqueline Harpma,Bélgica,Branco,Feminino,TRUE,FALSE,FALSE,FALSE,"4,5",LIDO
,https://m.media-amazon.com/images/I/41pOFwJgAIL._SY445_SX342_ML2_.jpg,Um belo diploma,260,0:00:00,Autobiografia,Adulto,Brochura,Nós,Português,Livro único,Desafio LPM,Estava na estante,Outro,Scholastique Mukasonga,Ruanda,Negro,Feminino,TRUE,FALSE,TRUE,TRUE,"4,5",LIDO
,,Mika na vida real,368,0:00:00,Romance,Adulto,Brochura,Intrínseca,Português,Livro único,Diversão,Estava na estante,Outro,Emiko Jean,,Asiático,Feminino,TRUE,FALSE,FALSE,FALSE,,NÃO LIDO
,https://m.media-amazon.com/images/I/81E-X4rpSdL._SY385_.jpg,Talvez você deva conversar com alguém ,,09:28:00,Não Ficção,Adulto,Audiolivro,Vestígio,Português,Livro único,Diversão,Assinatura digital,Booktube,Lori Gottlieb,EUA,Branco,Feminino,TRUE,FALSE,FALSE,FALSE,4,LIDO
,https://m.media-amazon.com/images/I/71cPWfWtmaL._SY466_.jpg,Ring Shout: Grito de Liberdade,176,0:00:00,Fantasia,Adulto,Capa dura,Darkside,Português,Livro único,Diversão,Ganhei de presente,Booktube,P. Djèlí Clark,EUA,Negro,Masculino,TRUE,TRUE,TRUE,FALSE,4,LIDO
,https://m.media-amazon.com/images/I/91EmOEDkGiL._SY466_.jpg,E eu não sou uma mulher?,,2:25:00,Não Ficção,Adulto,Audiolivro,Imã Editorial,Português,Livro único,Diversão,Assinatura digital,Booktube,Sojourner Truth,EUA,Negro,Feminino,TRUE,FALSE,TRUE,TRUE,,LIDO
,,Infiel - A história de uma mulher que desafiou o islã,320,0:00:00,Autobiografia,Adulto,Paperback,Companhia Das Letras,Português,Livro único,Desafio LPM,Estava na estante,Outro,Ayaan Hirsi Ali,Somália,Negro,Feminino,TRUE,FALSE,TRUE,TRUE,,LENDO
,https://static.skeelo.com/remote/320/480/100/https://skoob.s3.amazonaws.com/livros/122364042/A_MORTE_DE_ARTHUR_1695250147122364042SK-V11695250148B.jpg,A morte de Arthur,,2:12:00,Clássico,Adulto,Audiolivro,Storyside,Português,Livro único,Diversão,Assinatura digital,Booktube,Sir Thomas Malory,Reino Unido,Branco,Masculino,TRUE,FALSE,FALSE,FALSE,1,LIDO
,,O involuntário ato de respirar,320,0:00:00,Ficção,Adulto,Brochura,Dublinense,Português,Livro único,Desafio LPM,Estava na estante,Já conhecia autore,JJ Bola,República Democrática do Congo,Negro,Masculino,TRUE,FALSE,FALSE,FALSE,,NÃO LIDO
,https://m.media-amazon.com/images/I/41RXNf0VC6L._SY445_SX342_ML2_.jpg,A Menina da Foto,,05:22:00,Autobiografia,Adulto,Audiolivro,,Português,Livro único,Desafio LPM,Assinatura digital,Outro,Kim Phuc Phan Thi,Vietnã,Asiático,Feminino,TRUE,FALSE,TRUE,TRUE,3,LIDO
,https://m.media-amazon.com/images/I/319sNzusNeS._SY445_SX342_ML2_.jpg,A cabeça do santo,176,0:00:00,Fantasia,Adulto,Brochura,Companhia Das Letras,Português,Livro único,Diversão,Estava na estante,Já conhecia autore,Socorro Acioli,Brasil,Branco,Feminino,FALSE,FALSE,FALSE,FALSE,5,LIDO
,https://m.media-amazon.com/images/I/81JBTWSOI3L._SY466_.jpg,Nihonjin ,,02:12:00,Ficção,Adulto,Audiolivro,Fósforo,Português,Livro único,Desafio LPB,Assinatura digital,Outro,Oscar Nakasato,Brasil,Outro,Masculino,TRUE,FALSE,TRUE,TRUE,4,LIDO
,https://static.skeelo.com/remote/320/480/100/https://skoob.s3.amazonaws.com/livros/1724/A_NOITE_DAS_BRUXAS_1246214490B.jpg,A Noite das Bruxas ,213,,Investigação,Adulto,Brochura,Record,Português,Livro único,Diversão,Estava na estante,Já conhecia autore,Agatha Chrstie,EUA,Branco,Feminino,FALSE,FALSE,FALSE,FALSE,"4,5",LIDO
,https://static.skeelo.com/remote/320/480/100/https://skoob.s3.amazonaws.com/livros/5165/OS_RELOGIOS_1246213293B.jpg,Os Relógios,253,00:00:00.00,Investigação,Adulto,Brochura,Record ,Português,Livro único,Diversão,Estava na estante,Já conhecia autore,Agatha Chrstie,EUA,Branco,Feminino,FALSE,FALSE,FALSE,FALSE,"3,5",LIDO
,https://static.skeelo.com/remote/320/480/100/https://skoob.s3.amazonaws.com/livros/926773/SE_DEUS_ME_CHAMAR_NAO_VOU_1665802770926773SK-V11665802772B.jpg,Se deus me chamar não vou,,01:36:00,Romance,Adulto,Audiolivro,,Português,Livro único,Diversão,Assinatura digital,Outro,Mariana Salomão Carrara,Brasil,Branco,Feminino,TRUE,TRUE,FALSE,FALSE,"4,5",LIDO
,,Holocausto Brasileiro,280,0:00:00,Não Ficção,Adulto,Brochura,Intrínseca,Português,Livro único,Diversão,Estava na estante,Booktube,Daniela Arbex,Brasil,Branco,Feminino,TRUE,FALSE,FALSE,FALSE,,NÃO LIDO
,https://m.media-amazon.com/images/I/41SI+85GteL._SY445_SX342_ML2_.jpg,Vamos comprar um poeta,,1:24:00,Ficção,Adulto,Audiolivro,Dublinense,Português,Livro único,Desafio LPM,Assinatura digital,Bookstagram,Afonso Cruz,Portugal,Branco,Masculino,TRUE,FALSE,FALSE,FALSE,4,LIDO
,https://m.media-amazon.com/images/I/71h7vegO0cL._SY466_.jpg,A gente mira no amor e acerta na solidão,,3:43:00,Acadêmico,Adulto,Audiolivro,Paidós,Português,Livro único,Diversão,Assinatura digital,Bookstagram,Ana Suy,Brasil,Branco,Feminino,TRUE,FALSE,FALSE,FALSE,"3,5",LIDO
,https://static.skeelo.com/remote/320/480/100/https://skoob.s3.amazonaws.com/livros/106468/JOGOS_VORAZES_1447803914106468SK1447803914B.jpg,Jogos Vorazes,,06:18:00,Ficção Distópica,Jovem adulto (YA),Audiolivro,Rocco,Português,Trilogia,Diversão,Assinatura digital,Booktube,Suzanne Collin,EUA,Branco,Feminino,TRUE,FALSE,FALSE,FALSE,4,LIDO
,https://static.skeelo.com/remote/320/480/100/https://skoob.s3.amazonaws.com/livros/144526/EM_CHAMAS_1362102330B.jpg,Em Chamas,,06:18:00,Ficção Distópica,Jovem adulto (YA),Audiolivro,Rocco,Português,Trilogia,Diversão,Assinatura digital,Booktube,Suzanne Collin,EUA,Branco,Feminino,FALSE,FALSE,FALSE,FALSE,4,LIDO
,https://static.skeelo.com/remote/320/480/100/https://skoob.s3.amazonaws.com/livros/175390/A_ESPERANCA_1447804227175390SK1447804227B.jpg,A Esperança,,06:18:00,Ficção Distópica,Jovem adulto (YA),Audiolivro,Rocco,Português,Trilogia,Diversão,Assinatura digital,Booktube,Suzanne Collin,EUA,Branco,Feminino,FALSE,FALSE,FALSE,FALSE,"4,5",LIDO
,https://m.media-amazon.com/images/I/41XG4g5elGL._SY445_SX342_ML2_.jpg,Antes Que O Café Esfrie 4,,2:17:00,Ficção,Adulto,Audiolivro,Valentina,Português,Série,Diversão,Assinatura digital,Outro,Toshikazu Kawaguchi,Japão,Asiático,Masculino,FALSE,FALSE,FALSE,FALSE,"4,5",LIDO
,https://static.skeelo.com/remote/320/480/100/https://skoob.s3.amazonaws.com/livros/848/O_RETRATO_DE_DORIAN_GRAY_1529585782848SK1529585795B.jpg,O retrato de Dorian Gray,,,Clássico,Adulto,Audiolivro,Storyside,Português,Livro único,Diversão,Assinatura digital,Já conhecia autore,Oscar Wilde,Irlanda,Branco,Masculino,TRUE,FALSE,FALSE,FALSE,"2,5",LIDO
,https://m.media-amazon.com/images/I/91gBa45ju2L._SY466_.jpg,Mar da tranquilidade,256,0:00:00,Ficção Científica,Adulto,Brochura,Intrínseca,Português,Livro único,Desafio LPM,Estava na estante,Booktube,Emily St. John Mandel,Canadá,Branco,Feminino,TRUE,TRUE,FALSE,FALSE,"4,5",LIDO
,,,,,,,,,,,,,,,,,,,,,,,
,,48,9.230,80:04:00,(gráfico),(gráfico),(gráfico),(gráfico),(gráfico),(gráfico),(gráfico),(gráfico),(gráfico),,(gráfico),(gráfico),(gráfico),(resumo),(resumo),(resumo),(resumo),(gráfico),40